station_id,lat,long
UW1,31 67.933,64 17.227
UW2,32 66.770,64 28.443
UW3,31 68.537,64 35.69
UW4,31 65.275,64 40.978
UW5,31 64.078,64 45.808
UW7,31 61.780,64 51.187
UW8,31 61.963,64 52.212
UW9,31 60.740,64 52.093
UW10,31 59.908,64 54.110
UW11,31 58.675,64 54.363
UW13,31 57.212,64 57.443
UW14,31 55.347,64 58.748
UW15,31 53.440,64 60.620
UW16,31 51.665,64 62.205
UW17,31 57.038,64 58.200
UW18,31 51.938,64 64.343
UW19,31 49.975,64 66.328
UW20,31 48.425,64 68.277
UW23,31 23.213,64 82.738
UW24,32 00.212,65 25.633
UW26,34 48.818,65 25.050
UW27,35 01.527,65 28.402
UW28,35 27.558,65 31.037
UW29,35 30.718,65 28.692
UW30,35 42.947,65 36.487
UW31,35 51.732,65 39.560
UW32,35 67.663,65 48.672
UW33,35 74.058,65 50.622
UW35,35 94.810,65 63.390
UW37,35 87.665,65 77.767
UW38,35 82.035,65 72.087
UW39,35 82.752,65 71.793
UW40,35 91.123,65 71.793
UW41,35 96.717,65 93.710
UW42,36 15.928,66 10.068
UW43,35 82.675,65 71.560
UW44,36 04.010,66 00.972
UW45,36 36.403,66 32.488
UW46,36 44.035,66 49.202
UW47,36 98.508,67 19.403
UW48,37 34.238,67 66.542
UW49,37 52.882,67 92.253
UW50,37 70.570,68 14.238
UW51,37 81.617,68 25.670
UW52,37 93.398,68 42.605
UW53,38 13.077,68 69.692
UW54,38 46.812,69 14.517
UW55,38 80.962,69 60.700
UW56,39 14.417,70 07.530
UW57,39 76.737,70 88.428
UW58,39 76.587,70 88.213
UW59,39 76.717,70 88.210
UW60,39 76.735,70 88.487
UW61,39 76.743,70 88.902
UW62,39 78.050,70 87.918
UW63,39 76.757,70 88.432
UW64,39 10.518,70 86.958
UW65,39 76.700,70 88.307
UW66,39 76.948,70 88.370
UW67,39 76.783,70 88.282
UW68,39 76.608,70 88.273
UW69,39 76.707,70 88.505
UW70,39 76.737,70 88.390
UW71,39 76.823,70 88.172
UW72,39 76.717,70 88.223
UW73,39 76.718,70 88.287
UW74,39 76.815,70 88.292
clio057,31 21.447,64 46.615
clio058,36 05.141,65 41.356
clio059,35 49.716,65 43.122
clio060,39 46.022,70 53.041