sample,station,liters,lat,long,depth
73,clio057_02,77.1,31 21.447,64 46.615,15
74,clio057_02,77.1,31 21.447,64 46.615,110
75,clio057_02,81.5,31 21.447,64 46.615,110
76,clio057_02,143.9,31 21.447,64 46.615,150
77,clio057_02,172.5,31 21.447,64 46.615,250
78,clio057_02,284.9,31 21.447,64 46.615,300
79,clio057_02,293.7,31 21.447,64 46.615,500
80,clio057_02,372.6,31 21.447,64 46.615,700
81,clio057_02,389.6,31 21.447,64 46.615,900
82,clio057_02,48.2,31 21.447,64 46.615,15
83,clio057_02,37,31 21.447,64 46.615,140
84,clio057_02,40.8,31 21.447,64 46.615,130
85,clio057_02,41.4,31 21.447,64 46.615,120
86,clio057_02,50.1,31 21.447,64 46.615,110
87,clio057_02,41.9,31 21.447,64 46.615,100
88,clio057_02,48.6,31 21.447,64 46.615,90
89,clio057_02,57.1,31 21.447,64 46.615,80
90,clio057_02,133.6,31 21.447,64 46.615,250
91,clio057_51,77.1,31 21.447,64 46.615,15
92,clio057_51,77.1,31 21.447,64 46.615,110
93,clio057_51,81.5,31 21.447,64 46.615,110
94,clio057_51,143.9,31 21.447,64 46.615,150
95,clio057_51,172.5,31 21.447,64 46.615,250
96,clio057_51,284.9,31 21.447,64 46.615,300
97,clio057_51,293.7,31 21.447,64 46.615,500
98,clio057_51,372.6,31 21.447,64 46.615,700
99,clio057_51,389.6,31 21.447,64 46.615,900
100,clio057_51,48.2,31 21.447,64 46.615,15
101,clio057_51,37,31 21.447,64 46.615,140
102,clio057_51,40.8,31 21.447,64 46.615,130
103,clio057_51,41.4,31 21.447,64 46.615,120
104,clio057_51,50.1,31 21.447,64 46.615,110
105,clio057_51,41.9,31 21.447,64 46.615,100
106,clio057_51,48.6,31 21.447,64 46.615,90
107,clio057_51,57.1,31 21.447,64 46.615,80
108,clio057_51,133.6,31 21.447,64 46.615,250
109,clio058_02,51.4,36 05.141,65 41.356,15
110,clio058_02,53.9,36 05.141,65 41.356,30
111,clio058_02,59.5,36 05.141,65 41.356,50
112,clio058_02,60.8,36 05.141,65 41.356,125
113,clio058_02,73.8,36 05.141,65 41.356,135
114,clio058_02,58.4,36 05.141,65 41.356,150
115,clio058_02,89.7,36 05.141,65 41.356,200
116,clio058_02,83.3,36 05.141,65 41.356,300
117,clio058_02,93.4,36 05.141,65 41.356,500
118,clio058_02,31.2,36 05.141,65 41.356,15
119,clio058_02,21.8,36 05.141,65 41.356,70
120,clio058_02,33.4,36 05.141,65 41.356,80
121,clio058_02,36.6,36 05.141,65 41.356,90
122,clio058_02,43.5,36 05.141,65 41.356,100
123,clio058_02,38,36 05.141,65 41.356,110
124,clio058_02,58.9,36 05.141,65 41.356,200
125,clio058_02,48,36 05.141,65 41.356,300
126,clio058_02,56.8,36 05.141,65 41.356,500
127,clio058_51,51.4,36 05.141,65 41.356,15
128,clio058_51,53.9,36 05.141,65 41.356,30
129,clio058_51,59.5,36 05.141,65 41.356,50
130,clio058_51,60.8,36 05.141,65 41.356,125
131,clio058_51,73.8,36 05.141,65 41.356,135
132,clio058_51,58.4,36 05.141,65 41.356,150
133,clio058_51,89.7,36 05.141,65 41.356,200
134,clio058_51,83.3,36 05.141,65 41.356,300
135,clio058_51,93.4,36 05.141,65 41.356,500
136,clio058_51,31.2,36 05.141,65 41.356,15
137,clio058_51,21.8,36 05.141,65 41.356,70
138,clio058_51,33.4,36 05.141,65 41.356,80
139,clio058_51,36.6,36 05.141,65 41.356,90
140,clio058_51,43.5,36 05.141,65 41.356,100
141,clio058_51,38,36 05.141,65 41.356,110
142,clio058_51,58.9,36 05.141,65 41.356,200
143,clio058_51,48,36 05.141,65 41.356,300
144,clio058_51,56.8,36 05.141,65 41.356,500
145,clio059_02,109.4,35 49.716,65 43.122,50
146,clio059_02,85.4,35 49.716,65 43.122,50
147,clio059_02,66.5,35 49.716,65 43.122,50
148,clio059_02,28,35 49.716,65 43.122,50
149,clio059_02,109.4,35 49.716,65 43.122,150
150,clio059_02,79.2,35 49.716,65 43.122,200
151,clio059_02,117.3,35 49.716,65 43.122,300
152,clio059_02,120.4,35 49.716,65 43.122,500
153,clio059_02,160.6,35 49.716,65 43.122,800
154,clio059_02,26.7,35 49.716,65 43.122,15
155,clio059_02,28.1,35 49.716,65 43.122,30
156,clio059_02,27.6,35 49.716,65 43.122,23.5
157,clio059_02,27.9,35 49.716,65 43.122,43.5
158,clio059_02,38.9,35 49.716,65 43.122,53
159,clio059_02,33.4,35 49.716,65 43.122,60.4
160,clio059_02,53.7,35 49.716,65 43.122,66.7
161,clio059_02,41.2,35 49.716,65 43.122,118.5
162,clio059_02,50.6,35 49.716,65 43.122,132.2
163,clio059_51,109.4,35 49.716,65 43.122,50
164,clio059_51,85.4,35 49.716,65 43.122,50
165,clio059_51,66.5,35 49.716,65 43.122,50
166,clio059_51,28,35 49.716,65 43.122,50
167,clio059_51,109.4,35 49.716,65 43.122,150
168,clio059_51,79.2,35 49.716,65 43.122,200
169,clio059_51,117.3,35 49.716,65 43.122,300
170,clio059_51,120.4,35 49.716,65 43.122,500
171,clio059_51,160.6,35 49.716,65 43.122,800
172,clio059_51,26.7,35 49.716,65 43.122,15
173,clio059_51,28.1,35 49.716,65 43.122,30
174,clio059_51,27.6,35 49.716,65 43.122,23.5
175,clio059_51,27.9,35 49.716,65 43.122,43.5
176,clio059_51,38.9,35 49.716,65 43.122,53
177,clio059_51,33.4,35 49.716,65 43.122,60.4
178,clio059_51,53.7,35 49.716,65 43.122,66.7
179,clio059_51,41.2,35 49.716,65 43.122,118.5
180,clio059_51,50.6,35 49.716,65 43.122,132.2
181,clio060_02,47.7,39 46.022,70 53.041,54.8
182,clio060_02,47.1,39 46.022,70 53.041,54.9
183,clio060_02,109.5,39 46.022,70 53.041,100
184,clio060_02,7,39 46.022,70 53.041,150
185,clio060_02,103.7,39 46.022,70 53.041,200
186,clio060_02,274.1,39 46.022,70 53.041,300
187,clio060_02,160.4,39 46.022,70 53.041,400
188,clio060_02,270.1,39 46.022,70 53.041,600
189,clio060_02,338.7,39 46.022,70 53.041,800
190,clio060_02,23.5,39 46.022,70 53.041,15
191,clio060_02,28.9,39 46.022,70 53.041,30
192,clio060_02,29.7,39 46.022,70 53.041,181.3
193,clio060_02,28.7,39 46.022,70 53.041,186.4
194,clio060_02,36.2,39 46.022,70 53.041,54.9
195,clio060_02,31.8,39 46.022,70 53.041,162.6
196,clio060_02,37.3,39 46.022,70 53.041,43.2
197,clio060_02,67.3,39 46.022,70 53.041,100
198,clio060_02,85.2,39 46.022,70 53.041,200
199,clio060_51,47.7,39 46.022,70 53.041,54.8
200,clio060_51,47.1,39 46.022,70 53.041,54.9
201,clio060_51,109.5,39 46.022,70 53.041,100
202,clio060_51,7,39 46.022,70 53.041,150
203,clio060_51,103.7,39 46.022,70 53.041,200
204,clio060_51,274.1,39 46.022,70 53.041,300
205,clio060_51,160.4,39 46.022,70 53.041,400
206,clio060_51,270.1,39 46.022,70 53.041,600
207,clio060_51,338.7,39 46.022,70 53.041,800
208,clio060_51,23.5,39 46.022,70 53.041,15
209,clio060_51,28.9,39 46.022,70 53.041,30
210,clio060_51,29.7,39 46.022,70 53.041,181.3
211,clio060_51,28.7,39 46.022,70 53.041,186.4
212,clio060_51,36.2,39 46.022,70 53.041,54.9
213,clio060_51,31.8,39 46.022,70 53.041,162.6
214,clio060_51,37.3,39 46.022,70 53.041,43.2
215,clio060_51,67.3,39 46.022,70 53.041,100
216,clio060_51,85.2,39 46.022,70 53.041,200